"Date","sulfate","nitrate"
2002-01-01,NA,NA
2002-01-02,3.3,3.39
2002-01-03,NA,NA
2002-01-04,NA,NA
2002-01-05,NA,NA
2002-01-06,NA,NA
2002-01-07,NA,NA
2002-01-08,NA,NA
2002-01-09,NA,NA
2002-01-10,NA,NA
2002-01-11,NA,NA
2002-01-12,NA,NA
2002-01-13,NA,NA
2002-01-14,1.64,1.97
2002-01-15,NA,NA
2002-01-16,NA,NA
2002-01-17,NA,NA
2002-01-18,NA,NA
2002-01-19,NA,NA
2002-01-20,3.53,2.86
2002-01-21,NA,NA
2002-01-22,NA,NA
2002-01-23,NA,NA
2002-01-24,NA,NA
2002-01-25,NA,NA
2002-01-26,2.38,1.26
2002-01-27,NA,NA
2002-01-28,NA,NA
2002-01-29,NA,NA
2002-01-30,NA,NA
2002-01-31,NA,NA
2002-02-01,2.42,0.593
2002-02-02,NA,NA
2002-02-03,NA,NA
2002-02-04,NA,NA
2002-02-05,NA,NA
2002-02-06,NA,NA
2002-02-07,1.53,1.94
2002-02-08,NA,NA
2002-02-09,NA,NA
2002-02-10,NA,NA
2002-02-11,NA,NA
2002-02-12,NA,NA
2002-02-13,2.38,1.61
2002-02-14,NA,NA
2002-02-15,NA,NA
2002-02-16,NA,NA
2002-02-17,NA,NA
2002-02-18,NA,NA
2002-02-19,2.35,3.29
2002-02-20,NA,NA
2002-02-21,NA,NA
2002-02-22,NA,NA
2002-02-23,NA,NA
2002-02-24,NA,NA
2002-02-25,3.6,2.87
2002-02-26,NA,NA
2002-02-27,NA,NA
2002-02-28,NA,NA
2002-03-01,NA,NA
2002-03-02,NA,NA
2002-03-03,1.72,0.772
2002-03-04,NA,NA
2002-03-05,NA,NA
2002-03-06,NA,NA
2002-03-07,NA,NA
2002-03-08,NA,NA
2002-03-09,0.747,0.565
2002-03-10,NA,NA
2002-03-11,NA,NA
2002-03-12,NA,NA
2002-03-13,NA,NA
2002-03-14,NA,NA
2002-03-15,5.39,1.32
2002-03-16,NA,NA
2002-03-17,NA,NA
2002-03-18,NA,NA
2002-03-19,NA,NA
2002-03-20,NA,NA
2002-03-21,4.89,1.02
2002-03-22,NA,NA
2002-03-23,NA,NA
2002-03-24,NA,NA
2002-03-25,NA,NA
2002-03-26,NA,NA
2002-03-27,NA,NA
2002-03-28,NA,NA
2002-03-29,NA,NA
2002-03-30,NA,NA
2002-03-31,NA,NA
2002-04-01,NA,NA
2002-04-02,2.75,0.486
2002-04-03,NA,NA
2002-04-04,NA,NA
2002-04-05,NA,NA
2002-04-06,NA,NA
2002-04-07,NA,NA
2002-04-08,4.18,1.09
2002-04-09,NA,NA
2002-04-10,NA,NA
2002-04-11,NA,NA
2002-04-12,NA,NA
2002-04-13,NA,NA
2002-04-14,1.24,0.494
2002-04-15,NA,NA
2002-04-16,NA,NA
2002-04-17,NA,NA
2002-04-18,NA,NA
2002-04-19,NA,NA
2002-04-20,5.4,0.821
2002-04-21,NA,NA
2002-04-22,NA,NA
2002-04-23,NA,NA
2002-04-24,NA,NA
2002-04-25,NA,NA
2002-04-26,2.8,0.648
2002-04-27,NA,NA
2002-04-28,NA,NA
2002-04-29,NA,NA
2002-04-30,NA,NA
2002-05-01,NA,NA
2002-05-02,7.51,0.814
2002-05-03,NA,NA
2002-05-04,NA,NA
2002-05-05,NA,NA
2002-05-06,NA,NA
2002-05-07,NA,NA
2002-05-08,8.07,0.868
2002-05-09,NA,NA
2002-05-10,NA,NA
2002-05-11,NA,NA
2002-05-12,NA,NA
2002-05-13,NA,NA
2002-05-14,4.2,0.147
2002-05-15,NA,NA
2002-05-16,NA,NA
2002-05-17,NA,NA
2002-05-18,NA,NA
2002-05-19,NA,NA
2002-05-20,4.23,0.34
2002-05-21,NA,NA
2002-05-22,NA,NA
2002-05-23,NA,NA
2002-05-24,NA,NA
2002-05-25,NA,NA
2002-05-26,5.85,0.786
2002-05-27,NA,NA
2002-05-28,NA,NA
2002-05-29,NA,NA
2002-05-30,NA,NA
2002-05-31,NA,NA
2002-06-01,5.36,0.439
2002-06-02,NA,NA
2002-06-03,NA,NA
2002-06-04,NA,NA
2002-06-05,NA,NA
2002-06-06,NA,NA
2002-06-07,3.98,0.51
2002-06-08,NA,NA
2002-06-09,NA,NA
2002-06-10,NA,NA
2002-06-11,NA,NA
2002-06-12,NA,NA
2002-06-13,2.97,0.588
2002-06-14,NA,NA
2002-06-15,NA,NA
2002-06-16,NA,NA
2002-06-17,NA,NA
2002-06-18,NA,NA
2002-06-19,3.45,1.75
2002-06-20,NA,NA
2002-06-21,NA,NA
2002-06-22,NA,NA
2002-06-23,NA,NA
2002-06-24,NA,NA
2002-06-25,1.39,0.464
2002-06-26,NA,NA
2002-06-27,NA,NA
2002-06-28,NA,NA
2002-06-29,NA,NA
2002-06-30,NA,NA
2002-07-01,12.9,1.36
2002-07-02,NA,NA
2002-07-03,NA,NA
2002-07-04,NA,NA
2002-07-05,NA,NA
2002-07-06,NA,NA
2002-07-07,3.88,0.588
2002-07-08,NA,NA
2002-07-09,NA,NA
2002-07-10,NA,NA
2002-07-11,NA,NA
2002-07-12,NA,NA
2002-07-13,1.74,0.542
2002-07-14,NA,NA
2002-07-15,NA,NA
2002-07-16,NA,NA
2002-07-17,NA,NA
2002-07-18,NA,NA
2002-07-19,10.6,0.487
2002-07-20,NA,NA
2002-07-21,NA,NA
2002-07-22,NA,NA
2002-07-23,NA,NA
2002-07-24,NA,NA
2002-07-25,5.22,0.939
2002-07-26,NA,NA
2002-07-27,NA,NA
2002-07-28,NA,NA
2002-07-29,NA,NA
2002-07-30,NA,NA
2002-07-31,6.5,0.389
2002-08-01,NA,NA
2002-08-02,NA,NA
2002-08-03,NA,NA
2002-08-04,NA,NA
2002-08-05,NA,NA
2002-08-06,6.89,0.5
2002-08-07,NA,NA
2002-08-08,NA,NA
2002-08-09,NA,NA
2002-08-10,NA,NA
2002-08-11,NA,NA
2002-08-12,6.32,0.334
2002-08-13,NA,NA
2002-08-14,NA,NA
2002-08-15,NA,NA
2002-08-16,NA,NA
2002-08-17,NA,NA
2002-08-18,3.78,0.413
2002-08-19,NA,NA
2002-08-20,NA,NA
2002-08-21,NA,NA
2002-08-22,NA,NA
2002-08-23,NA,NA
2002-08-24,6.08,0.354
2002-08-25,NA,NA
2002-08-26,NA,NA
2002-08-27,NA,NA
2002-08-28,NA,NA
2002-08-29,NA,NA
2002-08-30,3.63,1.73
2002-08-31,NA,NA
2002-09-01,NA,NA
2002-09-02,NA,NA
2002-09-03,NA,NA
2002-09-04,NA,NA
2002-09-05,4.42,0.271
2002-09-06,NA,NA
2002-09-07,NA,NA
2002-09-08,NA,NA
2002-09-09,NA,NA
2002-09-10,NA,NA
2002-09-11,11.4,0.341
2002-09-12,NA,NA
2002-09-13,NA,NA
2002-09-14,NA,NA
2002-09-15,NA,NA
2002-09-16,NA,NA
2002-09-17,9.66,0.543
2002-09-18,NA,NA
2002-09-19,NA,NA
2002-09-20,NA,NA
2002-09-21,NA,NA
2002-09-22,NA,NA
2002-09-23,5.56,0.485
2002-09-24,NA,NA
2002-09-25,NA,NA
2002-09-26,NA,NA
2002-09-27,NA,NA
2002-09-28,NA,NA
2002-09-29,3.35,0.372
2002-09-30,NA,NA
2002-10-01,NA,NA
2002-10-02,NA,NA
2002-10-03,NA,NA
2002-10-04,NA,NA
2002-10-05,7.71,0.613
2002-10-06,NA,NA
2002-10-07,NA,NA
2002-10-08,NA,NA
2002-10-09,NA,NA
2002-10-10,NA,NA
2002-10-11,1.18,0.536
2002-10-12,NA,NA
2002-10-13,NA,NA
2002-10-14,NA,NA
2002-10-15,NA,NA
2002-10-16,NA,NA
2002-10-17,3.76,0.881
2002-10-18,NA,NA
2002-10-19,NA,NA
2002-10-20,NA,NA
2002-10-21,NA,NA
2002-10-22,NA,NA
2002-10-23,4.59,1.58
2002-10-24,NA,NA
2002-10-25,NA,NA
2002-10-26,NA,NA
2002-10-27,NA,NA
2002-10-28,NA,NA
2002-10-29,1.83,0.906
2002-10-30,NA,NA
2002-10-31,NA,NA
2002-11-01,NA,NA
2002-11-02,NA,NA
2002-11-03,NA,NA
2002-11-04,3.28,2.44
2002-11-05,NA,NA
2002-11-06,NA,NA
2002-11-07,NA,NA
2002-11-08,NA,NA
2002-11-09,NA,NA
2002-11-10,2.8,0.582
2002-11-11,NA,NA
2002-11-12,NA,NA
2002-11-13,NA,NA
2002-11-14,NA,NA
2002-11-15,NA,NA
2002-11-16,2.96,1.24
2002-11-17,NA,NA
2002-11-18,NA,NA
2002-11-19,NA,NA
2002-11-20,NA,NA
2002-11-21,NA,NA
2002-11-22,3.29,2.56
2002-11-23,NA,NA
2002-11-24,NA,NA
2002-11-25,NA,NA
2002-11-26,NA,NA
2002-11-27,NA,NA
2002-11-28,3.2,1.47
2002-11-29,NA,NA
2002-11-30,NA,NA
2002-12-01,NA,NA
2002-12-02,NA,NA
2002-12-03,NA,NA
2002-12-04,1.5,2.88
2002-12-05,NA,NA
2002-12-06,NA,NA
2002-12-07,NA,NA
2002-12-08,NA,NA
2002-12-09,NA,NA
2002-12-10,3.12,1.91
2002-12-11,NA,NA
2002-12-12,NA,NA
2002-12-13,NA,NA
2002-12-14,NA,NA
2002-12-15,NA,NA
2002-12-16,3.61,1.6
2002-12-17,NA,NA
2002-12-18,NA,NA
2002-12-19,NA,NA
2002-12-20,NA,NA
2002-12-21,NA,NA
2002-12-22,NA,NA
2002-12-23,NA,NA
2002-12-24,NA,NA
2002-12-25,NA,NA
2002-12-26,NA,NA
2002-12-27,NA,NA
2002-12-28,1.98,1.56
2002-12-29,NA,NA
2002-12-30,NA,NA
2002-12-31,NA,NA
2003-01-01,NA,NA
2003-01-02,NA,NA
2003-01-03,3.33,1.62
2003-01-04,NA,NA
2003-01-05,NA,NA
2003-01-06,NA,NA
2003-01-07,NA,NA
2003-01-08,NA,NA
2003-01-09,NA,NA
2003-01-10,NA,NA
2003-01-11,NA,NA
2003-01-12,NA,NA
2003-01-13,NA,NA
2003-01-14,NA,NA
2003-01-15,1.89,2.21
2003-01-16,NA,NA
2003-01-17,NA,NA
2003-01-18,NA,NA
2003-01-19,NA,NA
2003-01-20,NA,NA
2003-01-21,3.82,4.45
2003-01-22,NA,NA
2003-01-23,NA,NA
2003-01-24,NA,NA
2003-01-25,NA,NA
2003-01-26,NA,NA
2003-01-27,2.2,1.75
2003-01-28,NA,NA
2003-01-29,NA,NA
2003-01-30,NA,NA
2003-01-31,NA,NA
2003-02-01,NA,NA
2003-02-02,2.46,1.17
2003-02-03,NA,NA
2003-02-04,NA,NA
2003-02-05,NA,NA
2003-02-06,NA,NA
2003-02-07,NA,NA
2003-02-08,3.58,1.74
2003-02-09,NA,NA
2003-02-10,NA,NA
2003-02-11,NA,NA
2003-02-12,NA,NA
2003-02-13,NA,NA
2003-02-14,1.48,1.85
2003-02-15,NA,NA
2003-02-16,NA,NA
2003-02-17,NA,NA
2003-02-18,NA,NA
2003-02-19,NA,NA
2003-02-20,5.44,4
2003-02-21,NA,NA
2003-02-22,NA,NA
2003-02-23,NA,NA
2003-02-24,NA,NA
2003-02-25,NA,NA
2003-02-26,6.05,4.11
2003-02-27,NA,NA
2003-02-28,NA,NA
2003-03-01,NA,NA
2003-03-02,NA,NA
2003-03-03,NA,NA
2003-03-04,3.3,2.12
2003-03-05,NA,NA
2003-03-06,NA,NA
2003-03-07,NA,NA
2003-03-08,NA,NA
2003-03-09,NA,NA
2003-03-10,2.29,0.485
2003-03-11,NA,NA
2003-03-12,NA,NA
2003-03-13,NA,NA
2003-03-14,NA,NA
2003-03-15,NA,NA
2003-03-16,3.17,1.35
2003-03-17,NA,NA
2003-03-18,NA,NA
2003-03-19,NA,NA
2003-03-20,NA,NA
2003-03-21,NA,NA
2003-03-22,3.47,0.545
2003-03-23,NA,NA
2003-03-24,NA,NA
2003-03-25,NA,NA
2003-03-26,NA,NA
2003-03-27,NA,NA
2003-03-28,1.96,0.746
2003-03-29,NA,NA
2003-03-30,NA,NA
2003-03-31,NA,NA
2003-04-01,NA,NA
2003-04-02,NA,NA
2003-04-03,3.05,0.507
2003-04-04,NA,NA
2003-04-05,NA,NA
2003-04-06,NA,NA
2003-04-07,NA,NA
2003-04-08,NA,NA
2003-04-09,1.46,0.205
2003-04-10,NA,NA
2003-04-11,NA,NA
2003-04-12,NA,NA
2003-04-13,NA,NA
2003-04-14,NA,NA
2003-04-15,5.64,0.884
2003-04-16,NA,NA
2003-04-17,NA,NA
2003-04-18,NA,NA
2003-04-19,NA,NA
2003-04-20,NA,NA
2003-04-21,6.17,1.24
2003-04-22,NA,NA
2003-04-23,NA,NA
2003-04-24,NA,NA
2003-04-25,NA,NA
2003-04-26,NA,NA
2003-04-27,NA,NA
2003-04-28,NA,NA
2003-04-29,NA,NA
2003-04-30,NA,NA
2003-05-01,NA,NA
2003-05-02,NA,NA
2003-05-03,5.23,1.19
2003-05-04,NA,NA
2003-05-05,NA,NA
2003-05-06,NA,NA
2003-05-07,NA,NA
2003-05-08,NA,NA
2003-05-09,5,0.83
2003-05-10,NA,NA
2003-05-11,NA,NA
2003-05-12,NA,NA
2003-05-13,NA,NA
2003-05-14,NA,NA
2003-05-15,3.18,1.05
2003-05-16,NA,NA
2003-05-17,NA,NA
2003-05-18,NA,NA
2003-05-19,NA,NA
2003-05-20,NA,NA
2003-05-21,2.39,0.736
2003-05-22,NA,NA
2003-05-23,NA,NA
2003-05-24,NA,NA
2003-05-25,NA,NA
2003-05-26,NA,NA
2003-05-27,4.98,0.911
2003-05-28,NA,NA
2003-05-29,NA,NA
2003-05-30,NA,NA
2003-05-31,NA,NA
2003-06-01,NA,NA
2003-06-02,4.08,0.336
2003-06-03,NA,NA
2003-06-04,NA,NA
2003-06-05,NA,NA
2003-06-06,NA,NA
2003-06-07,NA,NA
2003-06-08,2.05,0.195
2003-06-09,NA,NA
2003-06-10,NA,NA
2003-06-11,NA,NA
2003-06-12,NA,NA
2003-06-13,NA,NA
2003-06-14,3.2,0.38
2003-06-15,NA,NA
2003-06-16,NA,NA
2003-06-17,NA,NA
2003-06-18,NA,NA
2003-06-19,NA,NA
2003-06-20,8.86,0.932
2003-06-21,NA,NA
2003-06-22,NA,NA
2003-06-23,NA,NA
2003-06-24,NA,NA
2003-06-25,NA,NA
2003-06-26,8.37,0.53
2003-06-27,NA,NA
2003-06-28,NA,NA
2003-06-29,NA,NA
2003-06-30,NA,NA
2003-07-01,NA,NA
2003-07-02,NA,NA
2003-07-03,NA,NA
2003-07-04,NA,NA
2003-07-05,NA,NA
2003-07-06,NA,NA
2003-07-07,NA,NA
2003-07-08,5.35,0.329
2003-07-09,NA,NA
2003-07-10,NA,NA
2003-07-11,NA,NA
2003-07-12,NA,NA
2003-07-13,NA,NA
2003-07-14,2.32,0.302
2003-07-15,NA,NA
2003-07-16,NA,NA
2003-07-17,NA,NA
2003-07-18,NA,NA
2003-07-19,NA,NA
2003-07-20,10.5,0.903
2003-07-21,NA,NA
2003-07-22,NA,NA
2003-07-23,NA,NA
2003-07-24,NA,NA
2003-07-25,NA,NA
2003-07-26,2.49,0.523
2003-07-27,NA,NA
2003-07-28,NA,NA
2003-07-29,NA,NA
2003-07-30,NA,NA
2003-07-31,NA,NA
2003-08-01,5.81,0.354
2003-08-02,NA,NA
2003-08-03,NA,NA
2003-08-04,NA,NA
2003-08-05,NA,NA
2003-08-06,NA,NA
2003-08-07,5.11,0.361
2003-08-08,NA,NA
2003-08-09,NA,NA
2003-08-10,NA,NA
2003-08-11,NA,NA
2003-08-12,NA,NA
2003-08-13,5.58,0.571
2003-08-14,NA,NA
2003-08-15,NA,NA
2003-08-16,NA,NA
2003-08-17,NA,NA
2003-08-18,NA,NA
2003-08-19,8.51,0.802
2003-08-20,NA,NA
2003-08-21,NA,NA
2003-08-22,NA,NA
2003-08-23,NA,NA
2003-08-24,NA,NA
2003-08-25,8.35,0.498
2003-08-26,NA,NA
2003-08-27,NA,NA
2003-08-28,NA,NA
2003-08-29,NA,NA
2003-08-30,NA,NA
2003-08-31,3.36,0.219
2003-09-01,NA,NA
2003-09-02,NA,NA
2003-09-03,NA,NA
2003-09-04,NA,NA
2003-09-05,NA,NA
2003-09-06,5.1,0.571
2003-09-07,NA,NA
2003-09-08,NA,NA
2003-09-09,NA,NA
2003-09-10,NA,NA
2003-09-11,NA,NA
2003-09-12,3.98,0.351
2003-09-13,NA,NA
2003-09-14,NA,NA
2003-09-15,NA,NA
2003-09-16,NA,NA
2003-09-17,NA,NA
2003-09-18,NA,NA
2003-09-19,NA,NA
2003-09-20,NA,NA
2003-09-21,NA,NA
2003-09-22,NA,NA
2003-09-23,NA,NA
2003-09-24,5.36,0.351
2003-09-25,NA,NA
2003-09-26,NA,NA
2003-09-27,NA,NA
2003-09-28,NA,NA
2003-09-29,NA,NA
2003-09-30,3.74,0.46
2003-10-01,NA,NA
2003-10-02,NA,NA
2003-10-03,NA,NA
2003-10-04,NA,NA
2003-10-05,NA,NA
2003-10-06,4.76,0.844
2003-10-07,NA,NA
2003-10-08,NA,NA
2003-10-09,NA,NA
2003-10-10,NA,NA
2003-10-11,NA,NA
2003-10-12,9.11,1.1
2003-10-13,NA,NA
2003-10-14,NA,NA
2003-10-15,NA,NA
2003-10-16,NA,NA
2003-10-17,NA,NA
2003-10-18,4.27,1.02
2003-10-19,NA,NA
2003-10-20,NA,NA
2003-10-21,NA,NA
2003-10-22,NA,NA
2003-10-23,NA,NA
2003-10-24,3.41,1.06
2003-10-25,NA,NA
2003-10-26,NA,NA
2003-10-27,NA,NA
2003-10-28,NA,NA
2003-10-29,NA,NA
2003-10-30,4.41,1.19
2003-10-31,NA,NA
2003-11-01,NA,NA
2003-11-02,NA,NA
2003-11-03,NA,NA
2003-11-04,NA,NA
2003-11-05,1.43,0.519
2003-11-06,NA,NA
2003-11-07,NA,NA
2003-11-08,NA,NA
2003-11-09,NA,NA
2003-11-10,NA,NA
2003-11-11,1.5,1.12
2003-11-12,NA,NA
2003-11-13,NA,NA
2003-11-14,NA,NA
2003-11-15,NA,NA
2003-11-16,NA,NA
2003-11-17,3,0.891
2003-11-18,NA,NA
2003-11-19,NA,NA
2003-11-20,NA,NA
2003-11-21,NA,NA
2003-11-22,NA,NA
2003-11-23,4.69,1.62
2003-11-24,NA,NA
2003-11-25,NA,NA
2003-11-26,NA,NA
2003-11-27,NA,NA
2003-11-28,NA,NA
2003-11-29,2.74,0.456
2003-11-30,NA,NA
2003-12-01,NA,NA
2003-12-02,NA,NA
2003-12-03,NA,NA
2003-12-04,NA,NA
2003-12-05,3.18,1.92
2003-12-06,NA,NA
2003-12-07,NA,NA
2003-12-08,NA,NA
2003-12-09,NA,NA
2003-12-10,NA,NA
2003-12-11,1.3,0.407
2003-12-12,NA,NA
2003-12-13,NA,NA
2003-12-14,NA,NA
2003-12-15,NA,NA
2003-12-16,NA,NA
2003-12-17,1.95,0.674
2003-12-18,NA,NA
2003-12-19,NA,NA
2003-12-20,NA,NA
2003-12-21,NA,NA
2003-12-22,NA,NA
2003-12-23,1.8,0.966
2003-12-24,NA,NA
2003-12-25,NA,NA
2003-12-26,NA,NA
2003-12-27,NA,NA
2003-12-28,NA,NA
2003-12-29,2.89,2.27
2003-12-30,NA,NA
2003-12-31,NA,NA
2004-01-01,NA,NA
2004-01-02,NA,NA
2004-01-03,NA,NA
2004-01-04,3.25,0.941
2004-01-05,NA,NA
2004-01-06,NA,NA
2004-01-07,NA,NA
2004-01-08,NA,NA
2004-01-09,NA,NA
2004-01-10,3.93,4.11
2004-01-11,NA,NA
2004-01-12,NA,NA
2004-01-13,NA,NA
2004-01-14,NA,NA
2004-01-15,NA,NA
2004-01-16,1.52,1.33
2004-01-17,NA,NA
2004-01-18,NA,NA
2004-01-19,NA,NA
2004-01-20,NA,NA
2004-01-21,NA,NA
2004-01-22,2.91,2.98
2004-01-23,NA,NA
2004-01-24,NA,NA
2004-01-25,NA,NA
2004-01-26,NA,NA
2004-01-27,NA,NA
2004-01-28,3.57,1.55
2004-01-29,NA,NA
2004-01-30,NA,NA
2004-01-31,NA,NA
2004-02-01,NA,NA
2004-02-02,NA,NA
2004-02-03,3.86,1.82
2004-02-04,NA,NA
2004-02-05,NA,NA
2004-02-06,NA,NA
2004-02-07,NA,NA
2004-02-08,NA,NA
2004-02-09,2.94,2.62
2004-02-10,NA,NA
2004-02-11,NA,NA
2004-02-12,NA,NA
2004-02-13,NA,NA
2004-02-14,NA,NA
2004-02-15,3.38,4.29
2004-02-16,NA,NA
2004-02-17,NA,NA
2004-02-18,NA,NA
2004-02-19,NA,NA
2004-02-20,NA,NA
2004-02-21,4.44,0.552
2004-02-22,NA,NA
2004-02-23,NA,NA
2004-02-24,NA,NA
2004-02-25,NA,NA
2004-02-26,NA,NA
2004-02-27,1.7,3.14
2004-02-28,NA,NA
2004-02-29,NA,NA
2004-03-01,NA,NA
2004-03-02,NA,NA
2004-03-03,NA,NA
2004-03-04,3.22,0.978
2004-03-05,NA,NA
2004-03-06,NA,NA
2004-03-07,NA,NA
2004-03-08,NA,NA
2004-03-09,NA,NA
2004-03-10,5.03,2.34
2004-03-11,NA,NA
2004-03-12,NA,NA
2004-03-13,NA,NA
2004-03-14,NA,NA
2004-03-15,NA,NA
2004-03-16,4.52,0.974
2004-03-17,NA,NA
2004-03-18,NA,NA
2004-03-19,NA,NA
2004-03-20,NA,NA
2004-03-21,NA,NA
2004-03-22,2.55,0.68
2004-03-23,NA,NA
2004-03-24,NA,NA
2004-03-25,NA,NA
2004-03-26,NA,NA
2004-03-27,NA,NA
2004-03-28,7.13,1.3
2004-03-29,NA,NA
2004-03-30,NA,NA
2004-03-31,NA,NA
2004-04-01,NA,NA
2004-04-02,NA,NA
2004-04-03,2.18,0.515
2004-04-04,NA,NA
2004-04-05,NA,NA
2004-04-06,NA,NA
2004-04-07,NA,NA
2004-04-08,NA,NA
2004-04-09,5.29,1.13
2004-04-10,NA,NA
2004-04-11,NA,NA
2004-04-12,NA,NA
2004-04-13,NA,NA
2004-04-14,NA,NA
2004-04-15,3.17,0.557
2004-04-16,NA,NA
2004-04-17,NA,NA
2004-04-18,NA,NA
2004-04-19,NA,NA
2004-04-20,NA,NA
2004-04-21,5.3,0.869
2004-04-22,NA,NA
2004-04-23,NA,NA
2004-04-24,NA,NA
2004-04-25,NA,NA
2004-04-26,NA,NA
2004-04-27,3.08,0.537
2004-04-28,NA,NA
2004-04-29,NA,NA
2004-04-30,NA,NA
2004-05-01,NA,NA
2004-05-02,NA,NA
2004-05-03,2.57,0.583
2004-05-04,NA,NA
2004-05-05,NA,NA
2004-05-06,NA,NA
2004-05-07,NA,NA
2004-05-08,NA,NA
2004-05-09,8.76,0.786
2004-05-10,NA,NA
2004-05-11,NA,NA
2004-05-12,NA,NA
2004-05-13,NA,NA
2004-05-14,NA,NA
2004-05-15,4.83,0.586
2004-05-16,NA,NA
2004-05-17,NA,NA
2004-05-18,NA,NA
2004-05-19,NA,NA
2004-05-20,NA,NA
2004-05-21,7.7,0.648
2004-05-22,NA,NA
2004-05-23,NA,NA
2004-05-24,NA,NA
2004-05-25,NA,NA
2004-05-26,NA,NA
2004-05-27,3.89,0.348
2004-05-28,NA,NA
2004-05-29,NA,NA
2004-05-30,NA,NA
2004-05-31,NA,NA
2004-06-01,NA,NA
2004-06-02,3.44,0.509
2004-06-03,NA,NA
2004-06-04,NA,NA
2004-06-05,NA,NA
2004-06-06,NA,NA
2004-06-07,NA,NA
2004-06-08,7.48,0.885
2004-06-09,NA,NA
2004-06-10,NA,NA
2004-06-11,NA,NA
2004-06-12,NA,NA
2004-06-13,NA,NA
2004-06-14,1.77,0.407
2004-06-15,NA,NA
2004-06-16,NA,NA
2004-06-17,NA,NA
2004-06-18,NA,NA
2004-06-19,NA,NA
2004-06-20,NA,NA
2004-06-21,NA,NA
2004-06-22,NA,NA
2004-06-23,NA,NA
2004-06-24,NA,NA
2004-06-25,NA,NA
2004-06-26,NA,NA
2004-06-27,NA,NA
2004-06-28,NA,NA
2004-06-29,NA,NA
2004-06-30,NA,NA
2004-07-01,NA,NA
2004-07-02,5.56,0.485
2004-07-03,NA,NA
2004-07-04,NA,NA
2004-07-05,NA,NA
2004-07-06,NA,NA
2004-07-07,NA,NA
2004-07-08,4.64,0.25
2004-07-09,NA,NA
2004-07-10,NA,NA
2004-07-11,NA,NA
2004-07-12,NA,NA
2004-07-13,NA,NA
2004-07-14,NA,NA
2004-07-15,NA,NA
2004-07-16,NA,NA
2004-07-17,NA,NA
2004-07-18,NA,NA
2004-07-19,NA,NA
2004-07-20,NA,NA
2004-07-21,NA,NA
2004-07-22,NA,NA
2004-07-23,NA,NA
2004-07-24,NA,NA
2004-07-25,NA,NA
2004-07-26,5.85,0.44
2004-07-27,NA,NA
2004-07-28,NA,NA
2004-07-29,NA,NA
2004-07-30,NA,NA
2004-07-31,NA,NA
2004-08-01,1.15,0.257
2004-08-02,NA,NA
2004-08-03,NA,NA
2004-08-04,NA,NA
2004-08-05,NA,NA
2004-08-06,NA,NA
2004-08-07,3.31,0.183
2004-08-08,NA,NA
2004-08-09,NA,NA
2004-08-10,NA,NA
2004-08-11,NA,NA
2004-08-12,NA,NA
2004-08-13,2.43,0.191
2004-08-14,NA,NA
2004-08-15,NA,NA
2004-08-16,NA,NA
2004-08-17,NA,NA
2004-08-18,NA,NA
2004-08-19,7.78,0.456
2004-08-20,NA,NA
2004-08-21,NA,NA
2004-08-22,NA,NA
2004-08-23,NA,NA
2004-08-24,NA,NA
2004-08-25,7.26,0.898
2004-08-26,NA,NA
2004-08-27,NA,NA
2004-08-28,NA,NA
2004-08-29,NA,NA
2004-08-30,NA,NA
2004-08-31,4.5,0.231
2004-09-01,NA,NA
2004-09-02,NA,NA
2004-09-03,NA,NA
2004-09-04,NA,NA
2004-09-05,NA,NA
2004-09-06,1.1,0.209
2004-09-07,NA,NA
2004-09-08,NA,NA
2004-09-09,NA,NA
2004-09-10,NA,NA
2004-09-11,NA,NA
2004-09-12,5.61,0.395
2004-09-13,NA,NA
2004-09-14,NA,NA
2004-09-15,NA,NA
2004-09-16,NA,NA
2004-09-17,NA,NA
2004-09-18,1.83,0.0935
2004-09-19,NA,NA
2004-09-20,NA,NA
2004-09-21,NA,NA
2004-09-22,NA,NA
2004-09-23,NA,NA
2004-09-24,7.35,0.638
2004-09-25,NA,NA
2004-09-26,NA,NA
2004-09-27,NA,NA
2004-09-28,NA,NA
2004-09-29,NA,NA
2004-09-30,11.2,1.36
2004-10-01,NA,NA
2004-10-02,NA,NA
2004-10-03,NA,NA
2004-10-04,NA,NA
2004-10-05,NA,NA
2004-10-06,3.41,0.793
2004-10-07,NA,NA
2004-10-08,NA,NA
2004-10-09,NA,NA
2004-10-10,NA,NA
2004-10-11,NA,NA
2004-10-12,6.67,0.96
2004-10-13,NA,NA
2004-10-14,NA,NA
2004-10-15,NA,NA
2004-10-16,NA,NA
2004-10-17,NA,NA
2004-10-18,3.06,0.422
2004-10-19,NA,NA
2004-10-20,NA,NA
2004-10-21,NA,NA
2004-10-22,NA,NA
2004-10-23,NA,NA
2004-10-24,5.85,1.38
2004-10-25,NA,NA
2004-10-26,NA,NA
2004-10-27,NA,NA
2004-10-28,NA,NA
2004-10-29,NA,NA
2004-10-30,13.8,1.5
2004-10-31,NA,NA
2004-11-01,NA,NA
2004-11-02,NA,NA
2004-11-03,NA,NA
2004-11-04,NA,NA
2004-11-05,2.22,0.284
2004-11-06,NA,NA
2004-11-07,NA,NA
2004-11-08,NA,NA
2004-11-09,NA,NA
2004-11-10,NA,NA
2004-11-11,2.34,1.8
2004-11-12,NA,NA
2004-11-13,NA,NA
2004-11-14,NA,NA
2004-11-15,NA,NA
2004-11-16,NA,NA
2004-11-17,1.91,0.974
2004-11-18,NA,NA
2004-11-19,NA,NA
2004-11-20,NA,NA
2004-11-21,NA,NA
2004-11-22,NA,NA
2004-11-23,3.95,2.1
2004-11-24,NA,NA
2004-11-25,NA,NA
2004-11-26,NA,NA
2004-11-27,NA,NA
2004-11-28,NA,NA
2004-11-29,3.48,0.537
2004-11-30,NA,NA
2004-12-01,NA,NA
2004-12-02,NA,NA
2004-12-03,NA,NA
2004-12-04,NA,NA
2004-12-05,2.24,2.34
2004-12-06,NA,NA
2004-12-07,NA,NA
2004-12-08,NA,NA
2004-12-09,NA,NA
2004-12-10,NA,NA
2004-12-11,1.2,0.517
2004-12-12,NA,NA
2004-12-13,NA,NA
2004-12-14,NA,NA
2004-12-15,NA,NA
2004-12-16,NA,NA
2004-12-17,1.94,2.85
2004-12-18,NA,NA
2004-12-19,NA,NA
2004-12-20,NA,NA
2004-12-21,NA,NA
2004-12-22,NA,NA
2004-12-23,1.69,0.407
2004-12-24,NA,NA
2004-12-25,NA,NA
2004-12-26,NA,NA
2004-12-27,NA,NA
2004-12-28,NA,NA
2004-12-29,3.97,3.14
2004-12-30,NA,NA
2004-12-31,NA,NA
2005-01-01,NA,NA
2005-01-02,NA,NA
2005-01-03,NA,NA
2005-01-04,3.44,1.03
2005-01-05,NA,NA
2005-01-06,NA,NA
2005-01-07,NA,NA
2005-01-08,NA,NA
2005-01-09,NA,NA
2005-01-10,4.72,1.9
2005-01-11,NA,NA
2005-01-12,NA,NA
2005-01-13,NA,NA
2005-01-14,NA,NA
2005-01-15,NA,NA
2005-01-16,NA,NA
2005-01-17,NA,NA
2005-01-18,NA,NA
2005-01-19,NA,NA
2005-01-20,NA,NA
2005-01-21,NA,NA
2005-01-22,NA,NA
2005-01-23,NA,NA
2005-01-24,NA,NA
2005-01-25,NA,NA
2005-01-26,NA,NA
2005-01-27,NA,NA
2005-01-28,NA,NA
2005-01-29,NA,NA
2005-01-30,NA,NA
2005-01-31,NA,NA
2005-02-01,NA,NA
2005-02-02,NA,NA
2005-02-03,NA,NA
2005-02-04,NA,NA
2005-02-05,NA,NA
2005-02-06,NA,NA
2005-02-07,NA,NA
2005-02-08,NA,NA
2005-02-09,NA,NA
2005-02-10,NA,NA
2005-02-11,NA,NA
2005-02-12,NA,NA
2005-02-13,NA,NA
2005-02-14,NA,NA
2005-02-15,NA,NA
2005-02-16,NA,NA
2005-02-17,NA,NA
2005-02-18,NA,NA
2005-02-19,NA,NA
2005-02-20,NA,NA
2005-02-21,NA,NA
2005-02-22,NA,NA
2005-02-23,NA,NA
2005-02-24,NA,NA
2005-02-25,NA,NA
2005-02-26,NA,NA
2005-02-27,NA,NA
2005-02-28,NA,NA
2005-03-01,NA,NA
2005-03-02,NA,NA
2005-03-03,NA,NA
2005-03-04,NA,NA
2005-03-05,NA,NA
2005-03-06,NA,NA
2005-03-07,NA,NA
2005-03-08,NA,NA
2005-03-09,NA,NA
2005-03-10,NA,NA
2005-03-11,NA,NA
2005-03-12,NA,NA
2005-03-13,NA,NA
2005-03-14,NA,NA
2005-03-15,NA,NA
2005-03-16,NA,NA
2005-03-17,NA,NA
2005-03-18,NA,NA
2005-03-19,NA,NA
2005-03-20,NA,NA
2005-03-21,NA,NA
2005-03-22,NA,NA
2005-03-23,NA,NA
2005-03-24,NA,NA
2005-03-25,NA,NA
2005-03-26,NA,NA
2005-03-27,NA,NA
2005-03-28,NA,NA
2005-03-29,NA,NA
2005-03-30,NA,NA
2005-03-31,NA,NA
2005-04-01,NA,NA
2005-04-02,NA,NA
2005-04-03,NA,NA
2005-04-04,NA,NA
2005-04-05,NA,NA
2005-04-06,NA,NA
2005-04-07,NA,NA
2005-04-08,NA,NA
2005-04-09,NA,NA
2005-04-10,NA,NA
2005-04-11,NA,NA
2005-04-12,NA,NA
2005-04-13,NA,NA
2005-04-14,NA,NA
2005-04-15,NA,NA
2005-04-16,NA,NA
2005-04-17,NA,NA
2005-04-18,NA,NA
2005-04-19,NA,NA
2005-04-20,NA,NA
2005-04-21,NA,NA
2005-04-22,NA,NA
2005-04-23,NA,NA
2005-04-24,NA,NA
2005-04-25,NA,NA
2005-04-26,NA,NA
2005-04-27,NA,NA
2005-04-28,NA,NA
2005-04-29,NA,NA
2005-04-30,NA,NA
2005-05-01,NA,NA
2005-05-02,NA,NA
2005-05-03,NA,NA
2005-05-04,NA,NA
2005-05-05,NA,NA
2005-05-06,NA,NA
2005-05-07,NA,NA
2005-05-08,NA,NA
2005-05-09,NA,NA
2005-05-10,NA,NA
2005-05-11,NA,NA
2005-05-12,NA,NA
2005-05-13,NA,NA
2005-05-14,NA,NA
2005-05-15,NA,NA
2005-05-16,NA,NA
2005-05-17,NA,NA
2005-05-18,NA,NA
2005-05-19,NA,NA
2005-05-20,NA,NA
2005-05-21,NA,NA
2005-05-22,NA,NA
2005-05-23,NA,NA
2005-05-24,NA,NA
2005-05-25,NA,NA
2005-05-26,NA,NA
2005-05-27,NA,NA
2005-05-28,NA,NA
2005-05-29,NA,NA
2005-05-30,NA,NA
2005-05-31,NA,NA
2005-06-01,NA,NA
2005-06-02,NA,NA
2005-06-03,NA,NA
2005-06-04,NA,NA
2005-06-05,NA,NA
2005-06-06,NA,NA
2005-06-07,NA,NA
2005-06-08,NA,NA
2005-06-09,NA,NA
2005-06-10,NA,NA
2005-06-11,NA,NA
2005-06-12,NA,NA
2005-06-13,NA,NA
2005-06-14,NA,NA
2005-06-15,NA,NA
2005-06-16,NA,NA
2005-06-17,NA,NA
2005-06-18,NA,NA
2005-06-19,NA,NA
2005-06-20,NA,NA
2005-06-21,NA,NA
2005-06-22,NA,NA
2005-06-23,NA,NA
2005-06-24,NA,NA
2005-06-25,NA,NA
2005-06-26,NA,NA
2005-06-27,NA,NA
2005-06-28,NA,NA
2005-06-29,NA,NA
2005-06-30,NA,NA
2005-07-01,NA,NA
2005-07-02,NA,NA
2005-07-03,NA,NA
2005-07-04,NA,NA
2005-07-05,NA,NA
2005-07-06,NA,NA
2005-07-07,NA,NA
2005-07-08,NA,NA
2005-07-09,NA,NA
2005-07-10,NA,NA
2005-07-11,NA,NA
2005-07-12,NA,NA
2005-07-13,NA,NA
2005-07-14,NA,NA
2005-07-15,NA,NA
2005-07-16,NA,NA
2005-07-17,NA,NA
2005-07-18,NA,NA
2005-07-19,NA,NA
2005-07-20,NA,NA
2005-07-21,NA,NA
2005-07-22,NA,NA
2005-07-23,NA,NA
2005-07-24,NA,NA
2005-07-25,NA,NA
2005-07-26,NA,NA
2005-07-27,NA,NA
2005-07-28,NA,NA
2005-07-29,NA,NA
2005-07-30,NA,NA
2005-07-31,NA,NA
2005-08-01,NA,NA
2005-08-02,NA,NA
2005-08-03,NA,NA
2005-08-04,NA,NA
2005-08-05,NA,NA
2005-08-06,NA,NA
2005-08-07,NA,NA
2005-08-08,NA,NA
2005-08-09,NA,NA
2005-08-10,NA,NA
2005-08-11,NA,NA
2005-08-12,NA,NA
2005-08-13,NA,NA
2005-08-14,NA,NA
2005-08-15,NA,NA
2005-08-16,NA,NA
2005-08-17,NA,NA
2005-08-18,NA,NA
2005-08-19,NA,NA
2005-08-20,NA,NA
2005-08-21,NA,NA
2005-08-22,NA,NA
2005-08-23,NA,NA
2005-08-24,NA,NA
2005-08-25,NA,NA
2005-08-26,NA,NA
2005-08-27,NA,NA
2005-08-28,NA,NA
2005-08-29,NA,NA
2005-08-30,NA,NA
2005-08-31,NA,NA
2005-09-01,NA,NA
2005-09-02,NA,NA
2005-09-03,NA,NA
2005-09-04,NA,NA
2005-09-05,NA,NA
2005-09-06,NA,NA
2005-09-07,NA,NA
2005-09-08,NA,NA
2005-09-09,NA,NA
2005-09-10,NA,NA
2005-09-11,NA,NA
2005-09-12,NA,NA
2005-09-13,NA,NA
2005-09-14,NA,NA
2005-09-15,NA,NA
2005-09-16,NA,NA
2005-09-17,NA,NA
2005-09-18,NA,NA
2005-09-19,NA,NA
2005-09-20,NA,NA
2005-09-21,NA,NA
2005-09-22,NA,NA
2005-09-23,NA,NA
2005-09-24,NA,NA
2005-09-25,NA,NA
2005-09-26,NA,NA
2005-09-27,NA,NA
2005-09-28,NA,NA
2005-09-29,NA,NA
2005-09-30,NA,NA
2005-10-01,NA,NA
2005-10-02,NA,NA
2005-10-03,NA,NA
2005-10-04,NA,NA
2005-10-05,NA,NA
2005-10-06,NA,NA
2005-10-07,NA,NA
2005-10-08,NA,NA
2005-10-09,NA,NA
2005-10-10,NA,NA
2005-10-11,NA,NA
2005-10-12,NA,NA
2005-10-13,NA,NA
2005-10-14,NA,NA
2005-10-15,NA,NA
2005-10-16,NA,NA
2005-10-17,NA,NA
2005-10-18,NA,NA
2005-10-19,NA,NA
2005-10-20,NA,NA
2005-10-21,NA,NA
2005-10-22,NA,NA
2005-10-23,NA,NA
2005-10-24,NA,NA
2005-10-25,NA,NA
2005-10-26,NA,NA
2005-10-27,NA,NA
2005-10-28,NA,NA
2005-10-29,NA,NA
2005-10-30,NA,NA
2005-10-31,NA,NA
2005-11-01,NA,NA
2005-11-02,NA,NA
2005-11-03,NA,NA
2005-11-04,NA,NA
2005-11-05,NA,NA
2005-11-06,NA,NA
2005-11-07,NA,NA
2005-11-08,NA,NA
2005-11-09,NA,NA
2005-11-10,NA,NA
2005-11-11,NA,NA
2005-11-12,NA,NA
2005-11-13,NA,NA
2005-11-14,NA,NA
2005-11-15,NA,NA
2005-11-16,NA,NA
2005-11-17,NA,NA
2005-11-18,NA,NA
2005-11-19,NA,NA
2005-11-20,NA,NA
2005-11-21,NA,NA
2005-11-22,NA,NA
2005-11-23,NA,NA
2005-11-24,NA,NA
2005-11-25,NA,NA
2005-11-26,NA,NA
2005-11-27,NA,NA
2005-11-28,NA,NA
2005-11-29,NA,NA
2005-11-30,NA,NA
2005-12-01,NA,NA
2005-12-02,NA,NA
2005-12-03,NA,NA
2005-12-04,NA,NA
2005-12-05,NA,NA
2005-12-06,NA,NA
2005-12-07,NA,NA
2005-12-08,NA,NA
2005-12-09,NA,NA
2005-12-10,NA,NA
2005-12-11,NA,NA
2005-12-12,NA,NA
2005-12-13,NA,NA
2005-12-14,NA,NA
2005-12-15,NA,NA
2005-12-16,NA,NA
2005-12-17,NA,NA
2005-12-18,NA,NA
2005-12-19,NA,NA
2005-12-20,NA,NA
2005-12-21,NA,NA
2005-12-22,NA,NA
2005-12-23,NA,NA
2005-12-24,NA,NA
2005-12-25,NA,NA
2005-12-26,NA,NA
2005-12-27,NA,NA
2005-12-28,NA,NA
2005-12-29,NA,NA
2005-12-30,NA,NA
2005-12-31,NA,NA
